Title,Company,Location,Link
Front-End Web Developer,Miami HEAT,"Miami, FL",https://www.linkedin.com/jobs/view/front-end-web-developer-at-miami-heat-4121256801?position=1&pageNum=0&refId=8uhWnasS5pIVSIDz0r61tQ%3D%3D&trackingId=63qksctvFUhNhpvHpjwKcA%3D%3D
Front-End Developer | Up to $260K Base | Hybrid Work | Build Next-Gen User Experiences,Venchr,San Francisco Bay Area,https://www.linkedin.com/jobs/view/front-end-developer-up-to-%24260k-base-hybrid-work-build-next-gen-user-experiences-at-venchr-4131751529?position=2&pageNum=0&refId=8uhWnasS5pIVSIDz0r61tQ%3D%3D&trackingId=7qfvbVH6%2FXIDPTW7tGTF9g%3D%3D
Frontend Engineer,Porter,"New York, NY",https://www.linkedin.com/jobs/view/frontend-engineer-at-porter-3625989459?position=3&pageNum=0&refId=8uhWnasS5pIVSIDz0r61tQ%3D%3D&trackingId=5wyTIYTM7czBkMA6anSn9Q%3D%3D
Frontend Engineer,Ritual,"New York, NY",https://www.linkedin.com/jobs/view/frontend-engineer-at-ritual-4116014122?position=4&pageNum=0&refId=8uhWnasS5pIVSIDz0r61tQ%3D%3D&trackingId=remOveC4bqU5MnBBiQugUw%3D%3D
Frontend Developer,Landbase,"Mountain View, CA",https://www.linkedin.com/jobs/view/frontend-developer-at-landbase-4138516710?position=5&pageNum=0&refId=8uhWnasS5pIVSIDz0r61tQ%3D%3D&trackingId=oHZ1px4AA99XDbWxw8GcJA%3D%3D
Junior Front End Engineer,minware,"Atlanta, GA",https://www.linkedin.com/jobs/view/junior-front-end-engineer-at-minware-4068290750?position=6&pageNum=0&refId=8uhWnasS5pIVSIDz0r61tQ%3D%3D&trackingId=rkZ6Ip8Fu%2FdDfcuL0MXIkw%3D%3D
Front-End Engineer Internship â€“ 2025 (US),Amazon,"Seattle, WA",https://www.linkedin.com/jobs/view/front-end-engineer-internship-%E2%80%93-2025-us-at-amazon-4037257034?position=7&pageNum=0&refId=8uhWnasS5pIVSIDz0r61tQ%3D%3D&trackingId=gJ4VDQORRu1iDwCs09BoMg%3D%3D
Front End Developer,Infinite Capital,"Carson City, NV",https://www.linkedin.com/jobs/view/front-end-developer-at-infinite-capital-4121929203?position=8&pageNum=0&refId=8uhWnasS5pIVSIDz0r61tQ%3D%3D&trackingId=XhgmCiEVGemEaOPqvlStiA%3D%3D
Front-end Engineer,Kino AI,"San Francisco, CA",https://www.linkedin.com/jobs/view/front-end-engineer-at-kino-ai-4059300826?position=9&pageNum=0&refId=8uhWnasS5pIVSIDz0r61tQ%3D%3D&trackingId=3UfkUSLrOcukeGI6RwyuVA%3D%3D
Front End Developer,Meds.com,"Austin, Texas Metropolitan Area",https://www.linkedin.com/jobs/view/front-end-developer-at-meds-com-4109091558?position=10&pageNum=0&refId=8uhWnasS5pIVSIDz0r61tQ%3D%3D&trackingId=PlD9LmMxuc6v93cF4EoO6w%3D%3D
Junior Front End Engineer,minware,"Washington, DC",https://www.linkedin.com/jobs/view/junior-front-end-engineer-at-minware-4068293317?position=11&pageNum=0&refId=8uhWnasS5pIVSIDz0r61tQ%3D%3D&trackingId=cPx8TZU71RmxUbSBK6YesA%3D%3D
Junior Front End Engineer,minware,"Houston, TX",https://www.linkedin.com/jobs/view/junior-front-end-engineer-at-minware-4068292637?position=12&pageNum=0&refId=8uhWnasS5pIVSIDz0r61tQ%3D%3D&trackingId=cYBPMav8YZe%2FFPCDXZF2Kg%3D%3D
Front End Developer,BlueChew,"Austin, Texas Metropolitan Area",https://www.linkedin.com/jobs/view/front-end-developer-at-bluechew-4109046575?position=13&pageNum=0&refId=8uhWnasS5pIVSIDz0r61tQ%3D%3D&trackingId=cQmQcWZYGT47PHbIrpTxMA%3D%3D
Junior Front End Engineer,minware,"Miami, FL",https://www.linkedin.com/jobs/view/junior-front-end-engineer-at-minware-4067132721?position=14&pageNum=0&refId=8uhWnasS5pIVSIDz0r61tQ%3D%3D&trackingId=LJtphu4QDyBTlXQG72CYzQ%3D%3D
Front-End Web Developer,MissionStaff,"Philadelphia, PA",https://www.linkedin.com/jobs/view/front-end-web-developer-at-missionstaff-4119037190?position=15&pageNum=0&refId=8uhWnasS5pIVSIDz0r61tQ%3D%3D&trackingId=BwqOpmmVcz8OLQ4KXqWGcw%3D%3D
Front End Web Developer,Accroid Inc,"Austin, TX",https://www.linkedin.com/jobs/view/front-end-web-developer-at-accroid-inc-4081267236?position=16&pageNum=0&refId=8uhWnasS5pIVSIDz0r61tQ%3D%3D&trackingId=wSVPuzkkYda%2BamT1aKVAew%3D%3D
Front-End Developer(Junior Level),SynergisticIT,"Raleigh, NC",https://www.linkedin.com/jobs/view/front-end-developer-junior-level-at-synergisticit-4071671623?position=17&pageNum=0&refId=8uhWnasS5pIVSIDz0r61tQ%3D%3D&trackingId=VNNwv%2Fqm0LhvFke4Ay5qpA%3D%3D
Front End Web Developer,DealerVero,"St Louis, MO",https://www.linkedin.com/jobs/view/front-end-web-developer-at-dealervero-3916221600?position=18&pageNum=0&refId=8uhWnasS5pIVSIDz0r61tQ%3D%3D&trackingId=MQyZgSTJvzOcAFSwx2A6xg%3D%3D
Front End Engineer / Web Dev,refine.,"New York, NY",https://www.linkedin.com/jobs/view/front-end-engineer-web-dev-at-refine-4121533066?position=19&pageNum=0&refId=8uhWnasS5pIVSIDz0r61tQ%3D%3D&trackingId=dpUxfhi1cEOgGc%2BIpBlImg%3D%3D
Frontend Developer (Software Engineer I),Circadence,United States,https://www.linkedin.com/jobs/view/frontend-developer-software-engineer-i-at-circadence-4131339303?position=20&pageNum=0&refId=8uhWnasS5pIVSIDz0r61tQ%3D%3D&trackingId=FNtvAICdZ%2B19svxa04ZMHg%3D%3D
Front End Developer,LendingTree,"Seattle, WA",https://www.linkedin.com/jobs/view/front-end-developer-at-lendingtree-4096553655?position=21&pageNum=0&refId=8uhWnasS5pIVSIDz0r61tQ%3D%3D&trackingId=xCu1k22B0pSsooD8WVB1RA%3D%3D
Frontend Engineer,Artisan,"San Francisco, CA",https://www.linkedin.com/jobs/view/frontend-engineer-at-artisan-4121044922?position=22&pageNum=0&refId=8uhWnasS5pIVSIDz0r61tQ%3D%3D&trackingId=XpsX1EZI18ognmC%2Ft%2BXdRQ%3D%3D
Junior React Developer,Proven Recruiting,"Plano, TX",https://www.linkedin.com/jobs/view/junior-react-developer-at-proven-recruiting-4124332575?position=23&pageNum=0&refId=8uhWnasS5pIVSIDz0r61tQ%3D%3D&trackingId=mqIAV05Jb31yEx2p%2FI%2F3Ng%3D%3D
Front End JavaScript React Developer,AMDEX Corp,"Bethesda, MD",https://www.linkedin.com/jobs/view/front-end-javascript-react-developer-at-amdex-corp-4092109442?position=24&pageNum=0&refId=8uhWnasS5pIVSIDz0r61tQ%3D%3D&trackingId=bpoM17ieX6H6JG%2BH8vXfSQ%3D%3D
Frontend Developer,Payactiv,"Austin, Texas Metropolitan Area",https://www.linkedin.com/jobs/view/frontend-developer-at-payactiv-4133556251?position=25&pageNum=0&refId=8uhWnasS5pIVSIDz0r61tQ%3D%3D&trackingId=FuZicOivOvijvc72QtXcUA%3D%3D
Frontend Engineer,Pickle,"New York, NY",https://www.linkedin.com/jobs/view/frontend-engineer-at-pickle-4143655122?position=26&pageNum=0&refId=8uhWnasS5pIVSIDz0r61tQ%3D%3D&trackingId=L57xxvdE%2F%2BCvpMwVKNaF5Q%3D%3D
Front End Developer,Ruoff Mortgage,"Fort Wayne, IN",https://www.linkedin.com/jobs/view/front-end-developer-at-ruoff-mortgage-4122420290?position=27&pageNum=0&refId=8uhWnasS5pIVSIDz0r61tQ%3D%3D&trackingId=A1vdM%2BLjPihX4Canz%2BPr8w%3D%3D
Junior Front End Developer,Burtch Works,"Cincinnati, OH",https://www.linkedin.com/jobs/view/junior-front-end-developer-at-burtch-works-4109205166?position=28&pageNum=0&refId=8uhWnasS5pIVSIDz0r61tQ%3D%3D&trackingId=jVxJJ84TyKYATi4Fk9rdJw%3D%3D
Frontend Developer,Impax Recruitment,San Francisco Bay Area,https://www.linkedin.com/jobs/view/frontend-developer-at-impax-recruitment-4122033665?position=29&pageNum=0&refId=8uhWnasS5pIVSIDz0r61tQ%3D%3D&trackingId=shp9GZQ5PhsKaPMK3%2Bnp%2BQ%3D%3D
Frontend Developer,Venchr,"New York, NY",https://www.linkedin.com/jobs/view/frontend-developer-at-venchr-4141588481?position=30&pageNum=0&refId=8uhWnasS5pIVSIDz0r61tQ%3D%3D&trackingId=v4CRp%2BLA3bhDKbcE6Xv%2FXQ%3D%3D
Front End Engineer,ReadMe,United States,https://www.linkedin.com/jobs/view/front-end-engineer-at-readme-3954040897?position=31&pageNum=0&refId=8uhWnasS5pIVSIDz0r61tQ%3D%3D&trackingId=ZWCcfsnd52qIFktJu0aefg%3D%3D
Junior Front End Developer,SynergisticIT,"Raleigh, NC",https://www.linkedin.com/jobs/view/junior-front-end-developer-at-synergisticit-4045409760?position=32&pageNum=0&refId=8uhWnasS5pIVSIDz0r61tQ%3D%3D&trackingId=m5xhEU4XFKRntini7pSEEA%3D%3D
Front-End Developer,United Talent Agency,"Nashville, TN",https://www.linkedin.com/jobs/view/front-end-developer-at-united-talent-agency-4092877100?position=33&pageNum=0&refId=8uhWnasS5pIVSIDz0r61tQ%3D%3D&trackingId=OUGXhXPUP24yT6fW6qSh4A%3D%3D
Frontend Developer,JohnHart Real Estate,"Glendale, CA",https://www.linkedin.com/jobs/view/frontend-developer-at-johnhart-real-estate-4061896733?position=34&pageNum=0&refId=8uhWnasS5pIVSIDz0r61tQ%3D%3D&trackingId=4DrbMSuwSFvtZQpQr6Iufg%3D%3D
Frontend Developer,Shiplify,Atlanta Metropolitan Area,https://www.linkedin.com/jobs/view/frontend-developer-at-shiplify-4137700764?position=35&pageNum=0&refId=8uhWnasS5pIVSIDz0r61tQ%3D%3D&trackingId=F8kAs8osoJzo0E%2FB%2FkcH8g%3D%3D
Front-End Engineer,Steer Health,"Dallas, TX",https://www.linkedin.com/jobs/view/front-end-engineer-at-steer-health-4127961794?position=36&pageNum=0&refId=8uhWnasS5pIVSIDz0r61tQ%3D%3D&trackingId=pzgrwbmRWBDpA%2BXzMTVV%2Fg%3D%3D
Front-End Engineer,Steer Health,"Irving, TX",https://www.linkedin.com/jobs/view/front-end-engineer-at-steer-health-4127965383?position=37&pageNum=0&refId=8uhWnasS5pIVSIDz0r61tQ%3D%3D&trackingId=nSQPHC486fFuRFah8oCrwQ%3D%3D
Front End Developer,PureTalk,"Atlanta, GA",https://www.linkedin.com/jobs/view/front-end-developer-at-puretalk-4091857020?position=38&pageNum=0&refId=8uhWnasS5pIVSIDz0r61tQ%3D%3D&trackingId=P5H5IKeXp7aNsoi2Q31WdA%3D%3D
Jr. Front-End Web Developer,WebFX,"Ann Arbor, MI",https://www.linkedin.com/jobs/view/jr-front-end-web-developer-at-webfx-3707150690?position=39&pageNum=0&refId=8uhWnasS5pIVSIDz0r61tQ%3D%3D&trackingId=BG3gZCRMyZaar3x7%2F%2FVIBQ%3D%3D
Front-End Developer,United Talent Agency,United States,https://www.linkedin.com/jobs/view/front-end-developer-at-united-talent-agency-4092877098?position=40&pageNum=0&refId=8uhWnasS5pIVSIDz0r61tQ%3D%3D&trackingId=G9IcZ7zngbyo0Z%2BHrQ0T6w%3D%3D
Jr Front End Developer,SynergisticIT,"Tucson, AZ",https://www.linkedin.com/jobs/view/jr-front-end-developer-at-synergisticit-4118397254?position=41&pageNum=0&refId=8uhWnasS5pIVSIDz0r61tQ%3D%3D&trackingId=x3RMK5eOX1c2PlAayeMsSg%3D%3D
Front-End Developer(Junior Level),SynergisticIT,"Jersey City, NJ",https://www.linkedin.com/jobs/view/front-end-developer-junior-level-at-synergisticit-4045407862?position=42&pageNum=0&refId=8uhWnasS5pIVSIDz0r61tQ%3D%3D&trackingId=MjMZUg05sghhRw%2BDl9Qosw%3D%3D
Front End Developer,HarmonyTech,"Washington, DC",https://www.linkedin.com/jobs/view/front-end-developer-at-harmonytech-4025835314?position=43&pageNum=0&refId=8uhWnasS5pIVSIDz0r61tQ%3D%3D&trackingId=KRXEZM04Nh01BbkitPuaxw%3D%3D
Front End Developer,CoinFlip,"Chicago, IL",https://www.linkedin.com/jobs/view/front-end-developer-at-coinflip-4090592437?position=44&pageNum=0&refId=8uhWnasS5pIVSIDz0r61tQ%3D%3D&trackingId=OllwjWUM%2FbdzvawRnbOiKA%3D%3D
UI Developer,Oteemo Inc.,"Reston, VA",https://www.linkedin.com/jobs/view/ui-developer-at-oteemo-inc-4130783346?position=45&pageNum=0&refId=8uhWnasS5pIVSIDz0r61tQ%3D%3D&trackingId=RjPyCDrWP5Jx6xsRO5VElA%3D%3D
Front End Developer,Hanscom Federal Credit Union,"Littleton, MA",https://www.linkedin.com/jobs/view/front-end-developer-at-hanscom-federal-credit-union-4125180931?position=46&pageNum=0&refId=8uhWnasS5pIVSIDz0r61tQ%3D%3D&trackingId=fui0SY4SZEmhW5An8bziOw%3D%3D
Frontend Engineer,Passes,Los Angeles Metropolitan Area,https://www.linkedin.com/jobs/view/frontend-engineer-at-passes-4128301534?position=47&pageNum=0&refId=8uhWnasS5pIVSIDz0r61tQ%3D%3D&trackingId=Qz9ND%2FbabZH%2BJ5j0ivccVA%3D%3D
Frontend Engineer,Branch,"Minneapolis, MN",https://www.linkedin.com/jobs/view/frontend-engineer-at-branch-4120096179?position=48&pageNum=0&refId=8uhWnasS5pIVSIDz0r61tQ%3D%3D&trackingId=4I35BHTYH%2BcD45i%2BxPd5PA%3D%3D
Front-End Developer,United Talent Agency,"Los Angeles, CA",https://www.linkedin.com/jobs/view/front-end-developer-at-united-talent-agency-4092877099?position=49&pageNum=0&refId=8uhWnasS5pIVSIDz0r61tQ%3D%3D&trackingId=HP2QQ%2BaId5QKJv05vG%2BKyg%3D%3D
Jr Front End Developer,SynergisticIT,"Irvine, CA",https://www.linkedin.com/jobs/view/jr-front-end-developer-at-synergisticit-4119484772?position=50&pageNum=0&refId=8uhWnasS5pIVSIDz0r61tQ%3D%3D&trackingId=KGC7EBHdEfZpIg9a2CEWPg%3D%3D
Frontend Developer,Backstage,New York City Metropolitan Area,https://www.linkedin.com/jobs/view/frontend-developer-at-backstage-4134406622?position=51&pageNum=0&refId=8uhWnasS5pIVSIDz0r61tQ%3D%3D&trackingId=RkMrkzo6gxRCI1xEKH3q1A%3D%3D
Frontend Engineer,BrightAI,United States,https://www.linkedin.com/jobs/view/frontend-engineer-at-brightai-4126486270?position=52&pageNum=0&refId=8uhWnasS5pIVSIDz0r61tQ%3D%3D&trackingId=GTi%2FwqmZDji%2FUW8bvaHQSA%3D%3D
React Developer,Spot Freight,Greater Tampa Bay Area,https://www.linkedin.com/jobs/view/react-developer-at-spot-freight-4121212162?position=53&pageNum=0&refId=8uhWnasS5pIVSIDz0r61tQ%3D%3D&trackingId=FkjMCqJ%2BdnXMiWZPejqkqQ%3D%3D
Frontend Software Engineer,UGLYCASH,"San Francisco, CA",https://www.linkedin.com/jobs/view/frontend-software-engineer-at-uglycash-4125077571?position=54&pageNum=0&refId=8uhWnasS5pIVSIDz0r61tQ%3D%3D&trackingId=6Aq6X8i9vsZGzgcyzEUCJA%3D%3D
Front-End Developer,United Talent Agency,"Atlanta, GA",https://www.linkedin.com/jobs/view/front-end-developer-at-united-talent-agency-4092878052?position=55&pageNum=0&refId=8uhWnasS5pIVSIDz0r61tQ%3D%3D&trackingId=Zssk%2FciBH9f414aPAIrFGw%3D%3D
Frontend Engineer,Elicit,"Oakland, OR",https://www.linkedin.com/jobs/view/frontend-engineer-at-elicit-4125926783?position=56&pageNum=0&refId=8uhWnasS5pIVSIDz0r61tQ%3D%3D&trackingId=uloYnnOIar2TMki1RBdkNQ%3D%3D
Frontend Engineer,Avail,United States,https://www.linkedin.com/jobs/view/frontend-engineer-at-avail-4091262807?position=57&pageNum=0&refId=8uhWnasS5pIVSIDz0r61tQ%3D%3D&trackingId=qukef2Xre4swftxx3J5Prw%3D%3D
Front-End Developer (Remote),Cella,"Reading, PA",https://www.linkedin.com/jobs/view/front-end-developer-remote-at-cella-4130152270?position=58&pageNum=0&refId=8uhWnasS5pIVSIDz0r61tQ%3D%3D&trackingId=D2sTMV0iu7JkmfrdrKFoZQ%3D%3D
React Developer,Capgemini,"Dallas, TX",https://www.linkedin.com/jobs/view/react-developer-at-capgemini-4133532306?position=59&pageNum=0&refId=8uhWnasS5pIVSIDz0r61tQ%3D%3D&trackingId=hkmzfVVuLY%2FKr295UF81iw%3D%3D
Front-end Developer,Winona,United States,https://www.linkedin.com/jobs/view/front-end-developer-at-winona-4064934809?position=60&pageNum=0&refId=8uhWnasS5pIVSIDz0r61tQ%3D%3D&trackingId=f8w7voL8Sos0pIk5Zs1DIQ%3D%3D
